n_estimators,max_depth,min_samples_split,min_samples_leaf,rmse,mae,mape
110,7,2,2,0.7117291835190486,0.524060636701467,0.08161170429022324
110,7,2,3,0.7012484302900059,0.516011840328141,0.08019564986683486
110,7,2,4,0.7166025050389889,0.5184830492543205,0.08014159654353005
110,7,3,2,0.7117291835190483,0.524060636701467,0.08161170429022324
110,7,3,3,0.7012484302900059,0.516011840328141,0.08019564986683486
110,7,3,4,0.7166025050389889,0.5184830492543205,0.08014159654353005
110,7,4,2,0.7117291835190485,0.524060636701467,0.08161170429022326
110,7,4,3,0.7012484302900059,0.516011840328141,0.08019564986683488
110,7,4,4,0.7166025050389889,0.5184830492543205,0.08014159654353004
110,8,2,2,0.6986313812508047,0.5101090057250495,0.07958327085093544
110,8,2,3,0.689511262768715,0.5011767671582942,0.07792814743019999
110,8,2,4,0.7076561361377864,0.5056346176938322,0.07819832138761015
110,8,3,2,0.6986313812508047,0.5101090057250495,0.07958327085093544
110,8,3,3,0.689511262768715,0.5011767671582943,0.07792814743019999
110,8,3,4,0.7076561361377866,0.5056346176938322,0.07819832138761015
110,8,4,2,0.6986313812508047,0.5101090057250495,0.07958327085093544
110,8,4,3,0.6895112627687151,0.5011767671582943,0.07792814743019999
110,8,4,4,0.7076561361377864,0.5056346176938322,0.07819832138761017
110,9,2,2,0.6972841839913776,0.5022419139860395,0.07839554306199735
110,9,2,3,0.6820755516243188,0.49179738175539894,0.07656436946631534
110,9,2,4,0.7025484843787645,0.498003075386453,0.07718461449592573
110,9,3,2,0.6972841839913774,0.5022419139860393,0.07839554306199735
110,9,3,3,0.6820755516243188,0.49179738175539894,0.07656436946631534
110,9,3,4,0.7025484843787645,0.498003075386453,0.07718461449592572
110,9,4,2,0.6972841839913775,0.5022419139860395,0.07839554306199735
110,9,4,3,0.6820755516243188,0.4917973817553988,0.07656436946631533
110,9,4,4,0.7025484843787644,0.498003075386453,0.07718461449592572
110,10,2,2,0.6913273900269626,0.4963953864403657,0.07757066743399446
110,10,2,3,0.6803616093031485,0.4867764141886079,0.07587994139565753
110,10,2,4,0.7009698135283768,0.49360353538831414,0.07651423468840146
110,10,3,2,0.6913273900269626,0.4963953864403656,0.07757066743399445
110,10,3,3,0.6803616093031484,0.4867764141886079,0.07587994139565751
110,10,3,4,0.7009698135283768,0.49360353538831425,0.07651423468840146
110,10,4,2,0.6913273900269626,0.4963953864403657,0.07757066743399445
110,10,4,3,0.6803616093031484,0.48677641418860795,0.07587994139565753
110,10,4,4,0.7009698135283768,0.49360353538831414,0.07651423468840145
110,11,2,2,0.6886650341987823,0.49076444699582655,0.07663940817799923
110,11,2,3,0.6782064766788296,0.4826594885976319,0.07522500344594629
110,11,2,4,0.6983755894817613,0.4890811415839377,0.07580298021655107
110,11,3,2,0.6886650341987823,0.49076444699582655,0.07663940817799923
110,11,3,3,0.6782064766788295,0.4826594885976319,0.07522500344594629
110,11,3,4,0.6983755894817613,0.48908114158393784,0.07580298021655109
110,11,4,2,0.6886650341987823,0.49076444699582655,0.07663940817799923
110,11,4,3,0.6782064766788295,0.4826594885976319,0.07522500344594629
110,11,4,4,0.6983755894817613,0.48908114158393773,0.07580298021655107
110,12,2,2,0.6869864730589123,0.48906130719985125,0.07646387117560118
110,12,2,3,0.6788153612901543,0.4820166066226318,0.07519582744820338
110,12,2,4,0.6978392561260299,0.48747523108108565,0.07556740877266148
110,12,3,2,0.6869864730589123,0.4890613071998511,0.07646387117560116
110,12,3,3,0.6788153612901543,0.4820166066226318,0.07519582744820338
110,12,3,4,0.69783925612603,0.4874752310810856,0.07556740877266148
110,12,4,2,0.6869864730589123,0.4890613071998511,0.07646387117560115
110,12,4,3,0.6788153612901543,0.4820166066226318,0.07519582744820337
110,12,4,4,0.6978392561260299,0.4874752310810856,0.07556740877266148
110,13,2,2,0.6921311229502168,0.48974861279970155,0.0765853630878631
110,13,2,3,0.678842898288054,0.4815535209482738,0.07512626914467824
110,13,2,4,0.6977401836182873,0.4873668245539948,0.07560744303985736
110,13,3,2,0.6921311229502168,0.4897486127997017,0.0765853630878631
110,13,3,3,0.6788428982880541,0.4815535209482739,0.07512626914467824
110,13,3,4,0.6977401836182873,0.4873668245539948,0.07560744303985736
110,13,4,2,0.6921311229502168,0.4897486127997016,0.07658536308786311
110,13,4,3,0.678842898288054,0.4815535209482739,0.07512626914467825
110,13,4,4,0.6977401836182874,0.4873668245539948,0.07560744303985736
110,14,2,2,0.6957386568380685,0.492360812109245,0.07709446617976388
110,14,2,3,0.6782822529478505,0.48128331517742273,0.07514711251720779
110,14,2,4,0.6980368690097474,0.4871457277474144,0.07558253635908155
110,14,3,2,0.6957386568380685,0.492360812109245,0.07709446617976388
110,14,3,3,0.6782822529478506,0.4812833151774229,0.0751471125172078
110,14,3,4,0.6980368690097474,0.4871457277474143,0.07558253635908155
110,14,4,2,0.6957386568380683,0.492360812109245,0.07709446617976388
110,14,4,3,0.6782822529478506,0.4812833151774228,0.0751471125172078
110,14,4,4,0.6980368690097474,0.4871457277474142,0.07558253635908155
110,15,2,2,0.6958671664159124,0.49251552147804195,0.07705620629922202
110,15,2,3,0.678123536768688,0.48125320320005005,0.07511875885953821
110,15,2,4,0.697499572038011,0.4867545334950797,0.07548728662332953
110,15,3,2,0.6958671664159125,0.49251552147804195,0.07705620629922204
110,15,3,3,0.678123536768688,0.48125320320005005,0.07511875885953821
110,15,3,4,0.6974995720380109,0.4867545334950797,0.07548728662332953
110,15,4,2,0.6958671664159124,0.49251552147804195,0.07705620629922204
110,15,4,3,0.678123536768688,0.48125320320005005,0.07511875885953821
110,15,4,4,0.6974995720380109,0.4867545334950797,0.07548728662332953
110,16,2,2,0.698079451178039,0.49420951308760147,0.077363756337925
110,16,2,3,0.6803667301289856,0.4822900258000914,0.07528723852470195
110,16,2,4,0.6974538381420401,0.48651188781104365,0.0754676110946367
110,16,3,2,0.698079451178039,0.49420951308760147,0.077363756337925
110,16,3,3,0.6803667301289857,0.4822900258000914,0.07528723852470195
110,16,3,4,0.6974538381420402,0.4865118878110438,0.0754676110946367
110,16,4,2,0.6980794511780389,0.4942095130876013,0.077363756337925
110,16,4,3,0.6803667301289857,0.4822900258000914,0.07528723852470195
110,16,4,4,0.6974538381420401,0.48651188781104365,0.07546761109463672
110,17,2,2,0.6957675760113082,0.4934020139891321,0.07722248650387419
110,17,2,3,0.6798320199553405,0.4819657162466655,0.07524072473539581
110,17,2,4,0.6973121154731434,0.4864210845396471,0.07545335067719065
110,17,3,2,0.6957675760113081,0.4934020139891321,0.07722248650387419
110,17,3,3,0.6798320199553405,0.4819657162466655,0.07524072473539581
110,17,3,4,0.6973121154731434,0.4864210845396471,0.07545335067719065
110,17,4,2,0.6957675760113081,0.4934020139891321,0.07722248650387417
110,17,4,3,0.6798320199553405,0.48196571624666557,0.07524072473539581
110,17,4,4,0.6973121154731434,0.4864210845396471,0.07545335067719065
120,7,2,2,0.7110539162928737,0.5235379377825522,0.08153533509111106
120,7,2,3,0.7001572807586436,0.5144884348392011,0.07994928667096077
120,7,2,4,0.7159110007691961,0.5174883078466859,0.0799816218531923
120,7,3,2,0.7110539162928738,0.5235379377825521,0.08153533509111105
120,7,3,3,0.7001572807586435,0.5144884348392011,0.07994928667096077
120,7,3,4,0.7159110007691962,0.5174883078466859,0.07998162185319231
120,7,4,2,0.7110539162928738,0.5235379377825521,0.08153533509111106
120,7,4,3,0.7001572807586436,0.5144884348392011,0.07994928667096077
120,7,4,4,0.7159110007691962,0.5174883078466859,0.0799816218531923
120,8,2,2,0.6990950597950482,0.5097656859435452,0.07952035210401909
120,8,2,3,0.6895184039203022,0.49991506954384674,0.07771353618120282
120,8,2,4,0.7076792096862223,0.5049411521331177,0.07807772140188587
120,8,3,2,0.6990950597950482,0.5097656859435452,0.07952035210401909
120,8,3,3,0.6895184039203022,0.49991506954384674,0.07771353618120282
120,8,3,4,0.7076792096862223,0.5049411521331177,0.07807772140188587
120,8,4,2,0.6990950597950482,0.5097656859435452,0.07952035210401909
120,8,4,3,0.6895184039203022,0.49991506954384674,0.07771353618120282
120,8,4,4,0.7076792096862223,0.5049411521331177,0.07807772140188587
120,9,2,2,0.6969207118290387,0.5015337952858677,0.07827452641823879
120,9,2,3,0.6832846376188484,0.49080246480081496,0.07639534870032072
120,9,2,4,0.702300862336366,0.4968359537425836,0.07697457347944245
120,9,3,2,0.6969207118290387,0.5015337952858676,0.07827452641823877
120,9,3,3,0.6832846376188484,0.4908024648008149,0.07639534870032073
120,9,3,4,0.702300862336366,0.4968359537425835,0.07697457347944245
120,9,4,2,0.6969207118290387,0.5015337952858676,0.07827452641823879
120,9,4,3,0.6832846376188483,0.4908024648008149,0.0763953487003207
120,9,4,4,0.702300862336366,0.4968359537425836,0.07697457347944245
120,10,2,2,0.6927463569143496,0.49655816629405636,0.07760861500698606
120,10,2,3,0.6812035640777553,0.4858795808675049,0.0757185123367484
120,10,2,4,0.7002965993068964,0.49218484562908854,0.07626274967543481
120,10,3,2,0.6927463569143496,0.49655816629405636,0.07760861500698606
120,10,3,3,0.6812035640777554,0.4858795808675049,0.0757185123367484
120,10,3,4,0.7002965993068964,0.49218484562908854,0.07626274967543482
120,10,4,2,0.6927463569143496,0.49655816629405636,0.07760861500698606
120,10,4,3,0.6812035640777552,0.4858795808675049,0.07571851233674841
120,10,4,4,0.7002965993068964,0.49218484562908854,0.07626274967543482
120,11,2,2,0.6899365461990982,0.49093155661630206,0.0766789932527667
120,11,2,3,0.6777412759767059,0.48138297665090973,0.07500759692522314
120,11,2,4,0.697455159473952,0.48773915790916117,0.07556735328914281
120,11,3,2,0.6899365461990982,0.4909315566163021,0.0766789932527667
120,11,3,3,0.6777412759767057,0.4813829766509096,0.07500759692522313
120,11,3,4,0.697455159473952,0.48773915790916117,0.07556735328914281
120,11,4,2,0.6899365461990982,0.4909315566163021,0.0766789932527667
120,11,4,3,0.6777412759767057,0.4813829766509095,0.07500759692522312
120,11,4,4,0.6974551594739521,0.48773915790916117,0.07556735328914282
120,12,2,2,0.6884757807332597,0.48949795287326164,0.07654372760821036
120,12,2,3,0.6791159102783935,0.48113937395001444,0.07504412951169923
120,12,2,4,0.6969594748727828,0.4863419106360197,0.07536849340062823
120,12,3,2,0.6884757807332597,0.48949795287326164,0.07654372760821036
120,12,3,3,0.6791159102783935,0.4811393739500145,0.07504412951169923
120,12,3,4,0.6969594748727828,0.4863419106360197,0.07536849340062823
120,12,4,2,0.6884757807332597,0.48949795287326164,0.07654372760821036
120,12,4,3,0.6791159102783936,0.4811393739500143,0.07504412951169923
120,12,4,4,0.6969594748727828,0.4863419106360197,0.07536849340062823
120,13,2,2,0.6907715159193761,0.48919350231082204,0.07650094823610672
120,13,2,3,0.6777838856127442,0.47997940142787027,0.07485663766940281
120,13,2,4,0.6967787033341263,0.48617652804722383,0.07540133751283767
120,13,3,2,0.6907715159193761,0.48919350231082204,0.07650094823610672
120,13,3,3,0.677783885612744,0.4799794014278704,0.07485663766940281
120,13,3,4,0.6967787033341263,0.48617652804722383,0.07540133751283766
120,13,4,2,0.6907715159193762,0.48919350231082204,0.07650094823610672
120,13,4,3,0.677783885612744,0.47997940142787027,0.07485663766940281
120,13,4,4,0.6967787033341263,0.4861765280472238,0.07540133751283766
120,14,2,2,0.6948176168994459,0.4918969519098988,0.07703054092667683
120,14,2,3,0.6775444999728261,0.47964019417405834,0.07485696432168414
120,14,2,4,0.6972541343441436,0.4860585798199069,0.07539352070410218
120,14,3,2,0.6948176168994459,0.49189695190989874,0.07703054092667683
120,14,3,3,0.6775444999728261,0.47964019417405834,0.07485696432168414
120,14,3,4,0.6972541343441437,0.486058579819907,0.0753935207041022
120,14,4,2,0.6948176168994459,0.49189695190989874,0.07703054092667683
120,14,4,3,0.6775444999728261,0.47964019417405834,0.07485696432168414
120,14,4,4,0.6972541343441437,0.4860585798199069,0.0753935207041022
120,15,2,2,0.6964272944569849,0.4924551192722194,0.0770543552862946
120,15,2,3,0.6775300829297464,0.4799134719785278,0.07489770118672855
120,15,2,4,0.6967119467664741,0.4856873945147932,0.07530578784186233
120,15,3,2,0.6964272944569849,0.4924551192722194,0.0770543552862946
120,15,3,3,0.6775300829297464,0.4799134719785278,0.07489770118672855
120,15,3,4,0.6967119467664741,0.4856873945147932,0.07530578784186233
120,15,4,2,0.6964272944569849,0.4924551192722194,0.0770543552862946
120,15,4,3,0.6775300829297465,0.4799134719785278,0.07489770118672855
120,15,4,4,0.6967119467664741,0.4856873945147932,0.07530578784186234
120,16,2,2,0.6978567169775717,0.4933124762003325,0.07721293715673587
120,16,2,3,0.6794398449334134,0.48074986273014725,0.07502583774634951
120,16,2,4,0.6964779239788339,0.48523969523709565,0.07524389207084421
120,16,3,2,0.6978567169775716,0.4933124762003325,0.07721293715673587
120,16,3,3,0.6794398449334134,0.48074986273014725,0.07502583774634951
120,16,3,4,0.6964779239788339,0.48523969523709565,0.07524389207084421
120,16,4,2,0.6978567169775717,0.4933124762003325,0.07721293715673587
120,16,4,3,0.6794398449334134,0.48074986273014725,0.07502583774634951
120,16,4,4,0.6964779239788339,0.4852396952370957,0.07524389207084421
120,17,2,2,0.6957287688374761,0.4927551101095585,0.07711413529246613
120,17,2,3,0.6786671554252216,0.4800683531544564,0.07491090832915304
120,17,2,4,0.6963993504810404,0.48525097606059747,0.07525294078406032
120,17,3,2,0.6957287688374761,0.4927551101095585,0.07711413529246613
120,17,3,3,0.6786671554252217,0.4800683531544564,0.07491090832915304
120,17,3,4,0.6963993504810404,0.4852509760605976,0.07525294078406033
120,17,4,2,0.6957287688374761,0.4927551101095585,0.07711413529246613
120,17,4,3,0.6786671554252216,0.48006835315445634,0.07491090832915302
120,17,4,4,0.6963993504810404,0.4852509760605974,0.07525294078406032
130,7,2,2,0.7129392315401608,0.5253742749208843,0.0818655342990001
130,7,2,3,0.7039861035159366,0.5172423575380252,0.08040237000007946
130,7,2,4,0.7206939915853939,0.5199073816344608,0.08037045991207802
130,7,3,2,0.7129392315401608,0.5253742749208843,0.0818655342990001
130,7,3,3,0.7039861035159366,0.5172423575380252,0.08040237000007946
130,7,3,4,0.7206939915853939,0.5199073816344608,0.08037045991207803
130,7,4,2,0.7129392315401607,0.5253742749208843,0.0818655342990001
130,7,4,3,0.7039861035159366,0.5172423575380252,0.08040237000007944
130,7,4,4,0.7206939915853939,0.5199073816344607,0.08037045991207803
130,8,2,2,0.7007115668299558,0.5114525855560694,0.079790671069114
130,8,2,3,0.6933576520433783,0.5030269911548344,0.07819563712755037
130,8,2,4,0.7122477081057295,0.5072843626660294,0.07843500760696429
130,8,3,2,0.7007115668299557,0.5114525855560694,0.079790671069114
130,8,3,3,0.6933576520433783,0.5030269911548345,0.0781956371275504
130,8,3,4,0.7122477081057293,0.5072843626660294,0.07843500760696426
130,8,4,2,0.7007115668299557,0.5114525855560694,0.079790671069114
130,8,4,3,0.6933576520433783,0.5030269911548344,0.0781956371275504
130,8,4,4,0.7122477081057295,0.5072843626660294,0.07843500760696427
130,9,2,2,0.6978674835093165,0.5030795003958756,0.07853141581968913
130,9,2,3,0.6874457968669936,0.4941720280912418,0.07694369188428905
130,9,2,4,0.7070226570221086,0.49928669197774384,0.07735757977367431
130,9,3,2,0.6978674835093165,0.5030795003958756,0.07853141581968913
130,9,3,3,0.6874457968669936,0.4941720280912418,0.07694369188428905
130,9,3,4,0.7070226570221086,0.49928669197774384,0.0773575797736743
130,9,4,2,0.6978674835093166,0.5030795003958756,0.07853141581968913
130,9,4,3,0.6874457968669935,0.4941720280912418,0.07694369188428904
130,9,4,4,0.7070226570221086,0.49928669197774384,0.0773575797736743
130,10,2,2,0.6935401644737895,0.4977114488970246,0.077790600533572
130,10,2,3,0.685007188774808,0.48843718367087163,0.07610408751549161
130,10,2,4,0.7047906896387235,0.494087485153295,0.07653611928576136
130,10,3,2,0.6935401644737894,0.4977114488970246,0.07779060053357202
130,10,3,3,0.6850071887748078,0.4884371836708715,0.07610408751549161
130,10,3,4,0.7047906896387235,0.4940874851532949,0.07653611928576136
130,10,4,2,0.6935401644737895,0.49771144889702457,0.07779060053357201
130,10,4,3,0.6850071887748079,0.4884371836708717,0.07610408751549161
130,10,4,4,0.7047906896387234,0.494087485153295,0.07653611928576136
130,11,2,2,0.6906321493607608,0.4922750278123332,0.07691359747730644
130,11,2,3,0.6815384267300364,0.48410005464460076,0.07544533912822907
130,11,2,4,0.7022171743150826,0.4899157724206433,0.07590595480529537
130,11,3,2,0.6906321493607608,0.49227502781233334,0.07691359747730646
130,11,3,3,0.6815384267300364,0.48410005464460076,0.07544533912822907
130,11,3,4,0.7022171743150826,0.4899157724206433,0.07590595480529537
130,11,4,2,0.6906321493607608,0.49227502781233323,0.07691359747730646
130,11,4,3,0.6815384267300364,0.48410005464460076,0.07544533912822905
130,11,4,4,0.7022171743150826,0.4899157724206433,0.07590595480529537
130,12,2,2,0.6898683736423916,0.49090872021343446,0.07678396925360216
130,12,2,3,0.682744009025243,0.48338931468119917,0.07537897432347954
130,12,2,4,0.7018233083160237,0.4887155821135548,0.07573698774762884
130,12,3,2,0.6898683736423916,0.4909087202134344,0.07678396925360216
130,12,3,3,0.6827440090252431,0.4833893146811992,0.07537897432347954
130,12,3,4,0.7018233083160237,0.4887155821135548,0.07573698774762884
130,12,4,2,0.6898683736423915,0.4909087202134344,0.07678396925360215
130,12,4,3,0.682744009025243,0.48338931468119917,0.07537897432347954
130,12,4,4,0.7018233083160237,0.48871558211355487,0.07573698774762885
130,13,2,2,0.691984632847272,0.49076898481491155,0.07675647819344865
130,13,2,3,0.6815105285024805,0.482332866097863,0.07520996299737066
130,13,2,4,0.7017696163820232,0.4885992954684433,0.07578016222343656
130,13,3,2,0.6919846328472719,0.49076898481491155,0.07675647819344865
130,13,3,3,0.6815105285024806,0.4823328660978631,0.07520996299737069
130,13,3,4,0.7017696163820233,0.4885992954684434,0.07578016222343655
130,13,4,2,0.6919846328472719,0.49076898481491155,0.07675647819344865
130,13,4,3,0.6815105285024805,0.4823328660978629,0.07520996299737068
130,13,4,4,0.7017696163820232,0.4885992954684433,0.07578016222343655
130,14,2,2,0.6955528554704752,0.4933936289573841,0.07725711925253344
130,14,2,3,0.6813045402545201,0.4822011574145815,0.07523907708808637
130,14,2,4,0.7022913340929242,0.48843891751600077,0.07576547811277842
130,14,3,2,0.6955528554704751,0.49339362895738403,0.07725711925253342
130,14,3,3,0.6813045402545201,0.4822011574145815,0.07523907708808637
130,14,3,4,0.7022913340929242,0.48843891751600077,0.07576547811277841
130,14,4,2,0.6955528554704751,0.4933936289573841,0.07725711925253342
130,14,4,3,0.68130454025452,0.4822011574145814,0.07523907708808636
130,14,4,4,0.7022913340929242,0.4884389175160009,0.07576547811277841
130,15,2,2,0.6980479924038568,0.4942948842329253,0.07734971164450119
130,15,2,3,0.6813102766292835,0.4826051766926971,0.07530120020878417
130,15,2,4,0.7012584095021099,0.4876470819430676,0.07559964972547335
130,15,3,2,0.698047992403857,0.49429488423292534,0.07734971164450119
130,15,3,3,0.6813102766292835,0.482605176692697,0.07530120020878417
130,15,3,4,0.7012584095021099,0.4876470819430676,0.07559964972547333
130,15,4,2,0.698047992403857,0.4942948842329253,0.07734971164450119
130,15,4,3,0.6813102766292835,0.482605176692697,0.07530120020878417
130,15,4,4,0.7012584095021099,0.4876470819430676,0.07559964972547333
130,16,2,2,0.6992438116129205,0.4952569319779728,0.07753047848322228
130,16,2,3,0.6832399091595722,0.4833140292365817,0.07542028947889545
130,16,2,4,0.7011060930301233,0.487295275692386,0.07555108229918431
130,16,3,2,0.6992438116129205,0.4952569319779729,0.07753047848322227
130,16,3,3,0.6832399091595724,0.4833140292365817,0.07542028947889545
130,16,3,4,0.7011060930301233,0.487295275692386,0.07555108229918431
130,16,4,2,0.6992438116129206,0.4952569319779728,0.07753047848322227
130,16,4,3,0.6832399091595723,0.4833140292365817,0.07542028947889545
130,16,4,4,0.7011060930301233,0.487295275692386,0.0755510822991843
130,17,2,2,0.6969396228271155,0.4944930572427838,0.07738265093276302
130,17,2,3,0.6823647318723729,0.48256631845323583,0.0752911798626371
130,17,2,4,0.7009423626493902,0.4871943780122241,0.0755402588346128
130,17,3,2,0.6969396228271155,0.4944930572427838,0.07738265093276302
130,17,3,3,0.6823647318723729,0.48256631845323583,0.0752911798626371
130,17,3,4,0.7009423626493902,0.487194378012224,0.0755402588346128
130,17,4,2,0.6969396228271155,0.4944930572427838,0.07738265093276302
130,17,4,3,0.6823647318723729,0.48256631845323567,0.0752911798626371
130,17,4,4,0.7009423626493902,0.487194378012224,0.0755402588346128
140,7,2,2,0.7095493989105474,0.524694243393354,0.08175261615610832
140,7,2,3,0.7019958453268592,0.5175770261676939,0.08045701152322504
140,7,2,4,0.7189930776602624,0.5204501139978341,0.08046572787663973
140,7,3,2,0.7095493989105474,0.5246942433933539,0.08175261615610831
140,7,3,3,0.7019958453268592,0.5175770261676939,0.08045701152322503
140,7,3,4,0.7189930776602624,0.520450113997834,0.0804657278766397
140,7,4,2,0.7095493989105474,0.524694243393354,0.08175261615610831
140,7,4,3,0.7019958453268592,0.5175770261676941,0.08045701152322506
140,7,4,4,0.7189930776602624,0.520450113997834,0.0804657278766397
140,8,2,2,0.6977294366561202,0.5110626984609101,0.0797364033941606
140,8,2,3,0.6912454363782092,0.5032570059764498,0.07824112827471051
140,8,2,4,0.7102634526447851,0.5077350029895757,0.07852057795566456
140,8,3,2,0.6977294366561203,0.51106269846091,0.0797364033941606
140,8,3,3,0.6912454363782092,0.5032570059764498,0.07824112827471054
140,8,3,4,0.7102634526447851,0.5077350029895757,0.07852057795566458
140,8,4,2,0.6977294366561203,0.5110626984609101,0.0797364033941606
140,8,4,3,0.6912454363782092,0.5032570059764498,0.07824112827471054
140,8,4,4,0.7102634526447851,0.507735002989576,0.07852057795566458
140,9,2,2,0.6944418647601814,0.502148504038194,0.0783899743493511
140,9,2,3,0.6851846462656125,0.4940046629308932,0.07691506201115064
140,9,2,4,0.7050806301236514,0.4994633583662706,0.07738775734246105
140,9,3,2,0.6944418647601814,0.502148504038194,0.07838997434935109
140,9,3,3,0.6851846462656125,0.4940046629308932,0.07691506201115067
140,9,3,4,0.7050806301236514,0.4994633583662706,0.07738775734246105
140,9,4,2,0.6944418647601814,0.502148504038194,0.07838997434935109
140,9,4,3,0.6851846462656125,0.49400466293089323,0.07691506201115067
140,9,4,4,0.7050806301236514,0.4994633583662706,0.07738775734246105
140,10,2,2,0.6905247831325776,0.4973556953797104,0.07776653451545981
140,10,2,3,0.6826575159074282,0.4885930690090902,0.07614749586677293
140,10,2,4,0.7028280207378925,0.4943873168471572,0.07659880168455137
140,10,3,2,0.6905247831325777,0.4973556953797104,0.07776653451545981
140,10,3,3,0.6826575159074282,0.4885930690090902,0.07614749586677293
140,10,3,4,0.7028280207378925,0.4943873168471572,0.07659880168455137
140,10,4,2,0.6905247831325776,0.4973556953797104,0.07776653451545981
140,10,4,3,0.6826575159074281,0.4885930690090902,0.07614749586677293
140,10,4,4,0.7028280207378925,0.4943873168471572,0.07659880168455137
140,11,2,2,0.6877378559747457,0.4921000055913618,0.07691698052887637
140,11,2,3,0.6789688595510216,0.48423794201888914,0.07548000669928202
140,11,2,4,0.7002790800718394,0.49025749738402513,0.07596400403826661
140,11,3,2,0.6877378559747457,0.4921000055913619,0.07691698052887637
140,11,3,3,0.6789688595510216,0.48423794201888914,0.07548000669928204
140,11,3,4,0.7002790800718394,0.49025749738402524,0.07596400403826661
140,11,4,2,0.6877378559747457,0.4921000055913619,0.07691698052887637
140,11,4,3,0.6789688595510215,0.48423794201888914,0.07548000669928202
140,11,4,4,0.7002790800718395,0.49025749738402513,0.0759640040382666
140,12,2,2,0.6870513555535117,0.4906034673504812,0.07676094508505721
140,12,2,3,0.6804572124358568,0.4835658570381512,0.07540795344102387
140,12,2,4,0.6998096281432266,0.4890093958138822,0.07578459928619403
140,12,3,2,0.6870513555535118,0.4906034673504812,0.07676094508505722
140,12,3,3,0.680457212435857,0.4835658570381512,0.07540795344102387
140,12,3,4,0.6998096281432264,0.4890093958138822,0.07578459928619403
140,12,4,2,0.6870513555535117,0.49060346735048105,0.07676094508505721
140,12,4,3,0.6804572124358568,0.4835658570381512,0.07540795344102387
140,12,4,4,0.6998096281432266,0.48900939581388225,0.07578459928619403
140,13,2,2,0.6891294509465403,0.49058154982079843,0.07675699782701328
140,13,2,3,0.6793406652494504,0.48271255466223495,0.07527964149965607
140,13,2,4,0.6998011630866957,0.48890295365993985,0.07582914040587083
140,13,3,2,0.6891294509465402,0.49058154982079843,0.07675699782701328
140,13,3,3,0.6793406652494504,0.48271255466223495,0.07527964149965607
140,13,3,4,0.6998011630866957,0.4889029536599397,0.07582914040587081
140,13,4,2,0.6891294509465403,0.49058154982079843,0.07675699782701327
140,13,4,3,0.6793406652494504,0.48271255466223495,0.07527964149965607
140,13,4,4,0.6998011630866958,0.4889029536599397,0.07582914040587083
140,14,2,2,0.6924581348426231,0.4928342787362649,0.07719569026347439
140,14,2,3,0.679100996679563,0.48258180805401146,0.07530464885607137
140,14,2,4,0.7003350699508132,0.48871772825896326,0.07581392609979204
140,14,3,2,0.6924581348426231,0.4928342787362648,0.0771956902634744
140,14,3,3,0.679100996679563,0.48258180805401146,0.07530464885607137
140,14,3,4,0.7003350699508132,0.48871772825896326,0.07581392609979205
140,14,4,2,0.6924581348426231,0.4928342787362649,0.0771956902634744
140,14,4,3,0.679100996679563,0.48258180805401146,0.07530464885607137
140,14,4,4,0.7003350699508133,0.48871772825896326,0.07581392609979205
140,15,2,2,0.6945281268442582,0.4939192676745638,0.07732743998904024
140,15,2,3,0.6789368679334878,0.48279763587101193,0.07534187674880048
140,15,2,4,0.6993033952273273,0.48797661054427877,0.07566011896515182
140,15,3,2,0.6945281268442581,0.4939192676745638,0.07732743998904024
140,15,3,3,0.6789368679334877,0.48279763587101193,0.07534187674880048
140,15,3,4,0.6993033952273273,0.48797661054427877,0.07566011896515183
140,15,4,2,0.6945281268442582,0.4939192676745638,0.07732743998904024
140,15,4,3,0.6789368679334878,0.48279763587101193,0.07534187674880048
140,15,4,4,0.6993033952273272,0.4879766105442787,0.07566011896515182
140,16,2,2,0.6958146845557821,0.49483859634958116,0.07748861089728572
140,16,2,3,0.6808542285005686,0.4836135579816679,0.07547283711041079
140,16,2,4,0.6990561109330974,0.4874626493056529,0.07558316784267294
140,16,3,2,0.6958146845557821,0.49483859634958116,0.07748861089728572
140,16,3,3,0.6808542285005686,0.4836135579816679,0.0754728371104108
140,16,3,4,0.6990561109330974,0.4874626493056529,0.07558316784267295
140,16,4,2,0.6958146845557822,0.49483859634958116,0.07748861089728572
140,16,4,3,0.6808542285005686,0.48361355798166783,0.07547283711041079
140,16,4,4,0.6990561109330974,0.4874626493056529,0.07558316784267295
140,17,2,2,0.6936892671280975,0.49404784826769144,0.07734136110943352
140,17,2,3,0.68013405686316,0.48302411424272906,0.07537625645422072
140,17,2,4,0.6989792616448068,0.48747537109539457,0.07558922890929481
140,17,3,2,0.6936892671280974,0.49404784826769144,0.0773413611094335
140,17,3,3,0.68013405686316,0.48302411424272906,0.07537625645422072
140,17,3,4,0.6989792616448067,0.48747537109539457,0.07558922890929481
140,17,4,2,0.6936892671280974,0.49404784826769144,0.07734136110943352
140,17,4,3,0.68013405686316,0.48302411424272906,0.07537625645422072
140,17,4,4,0.6989792616448068,0.48747537109539457,0.07558922890929481
150,7,2,2,0.7109627875953246,0.5252377753786903,0.08188040155011382
150,7,2,3,0.7029068627832635,0.5176069771913655,0.0804689835255712
150,7,2,4,0.7164768337563706,0.5194656142750244,0.08035980997640653
150,7,3,2,0.7109627875953246,0.5252377753786903,0.08188040155011382
150,7,3,3,0.7029068627832634,0.5176069771913654,0.0804689835255712
150,7,3,4,0.7164768337563706,0.5194656142750244,0.08035980997640653
150,7,4,2,0.7109627875953246,0.5252377753786903,0.08188040155011382
150,7,4,3,0.7029068627832635,0.5176069771913655,0.08046898352557122
150,7,4,4,0.7164768337563706,0.5194656142750244,0.08035980997640653
150,8,2,2,0.699847666112549,0.5117998011103277,0.07991182830913042
150,8,2,3,0.6926056350056756,0.5034584273766542,0.07828776844537727
150,8,2,4,0.7081781870113342,0.5070958734623892,0.07848690498736485
150,8,3,2,0.699847666112549,0.5117998011103277,0.07991182830913042
150,8,3,3,0.6926056350056756,0.5034584273766542,0.07828776844537727
150,8,3,4,0.7081781870113342,0.507095873462389,0.07848690498736485
150,8,4,2,0.699847666112549,0.5117998011103276,0.07991182830913039
150,8,4,3,0.6926056350056756,0.5034584273766544,0.07828776844537728
150,8,4,4,0.7081781870113342,0.5070958734623892,0.07848690498736485
150,9,2,2,0.6958730302344955,0.5024793954920884,0.0784836228635675
150,9,2,3,0.686211857003493,0.4935085367287652,0.07682976772868812
150,9,2,4,0.7031023283429179,0.4988330110850029,0.07734392126899854
150,9,3,2,0.6958730302344955,0.5024793954920886,0.07848362286356751
150,9,3,3,0.686211857003493,0.4935085367287653,0.07682976772868813
150,9,3,4,0.7031023283429179,0.4988330110850029,0.07734392126899857
150,9,4,2,0.6958730302344955,0.5024793954920885,0.0784836228635675
150,9,4,3,0.686211857003493,0.4935085367287652,0.0768297677286881
150,9,4,4,0.7031023283429179,0.49883301108500283,0.07734392126899856
150,10,2,2,0.6926951961563965,0.49817607361345106,0.07794624326943346
150,10,2,3,0.6841643009794146,0.4885034327946868,0.07613150414880632
150,10,2,4,0.7010644151851497,0.4942175862378232,0.07663482181525369
150,10,3,2,0.6926951961563965,0.4981760736134511,0.07794624326943346
150,10,3,3,0.6841643009794145,0.4885034327946868,0.07613150414880632
150,10,3,4,0.7010644151851496,0.4942175862378232,0.07663482181525368
150,10,4,2,0.6926951961563965,0.49817607361345106,0.07794624326943346
150,10,4,3,0.6841643009794146,0.4885034327946868,0.07613150414880633
150,10,4,4,0.7010644151851496,0.4942175862378232,0.07663482181525368
150,11,2,2,0.689393130474613,0.49272314883765905,0.07707120247789036
150,11,2,3,0.6805011439272701,0.4839681414795581,0.07543047754716199
150,11,2,4,0.6986521760363064,0.49010408850151577,0.07601048836008416
150,11,3,2,0.689393130474613,0.4927231488376591,0.07707120247789036
150,11,3,3,0.6805011439272701,0.4839681414795582,0.07543047754716199
150,11,3,4,0.6986521760363064,0.49010408850151577,0.07601048836008416
150,11,4,2,0.689393130474613,0.49272314883765905,0.07707120247789036
150,11,4,3,0.6805011439272701,0.4839681414795581,0.07543047754716199
150,11,4,4,0.6986521760363064,0.49010408850151577,0.07601048836008416
150,12,2,2,0.6893391779925344,0.491592589526058,0.07696928355831385
150,12,2,3,0.6818514292298025,0.4833362320334309,0.07535712810025391
150,12,2,4,0.6982518102437527,0.48912112650636497,0.07587338574458038
150,12,3,2,0.6893391779925344,0.491592589526058,0.07696928355831385
150,12,3,3,0.6818514292298025,0.4833362320334309,0.07535712810025391
150,12,3,4,0.6982518102437527,0.4891211265063649,0.0758733857445804
150,12,4,2,0.6893391779925344,0.491592589526058,0.07696928355831385
150,12,4,3,0.6818514292298025,0.4833362320334309,0.07535712810025391
150,12,4,4,0.6982518102437527,0.48912112650636497,0.0758733857445804
150,13,2,2,0.6910958687544505,0.49152577206112186,0.07694224229822996
150,13,2,3,0.6805954109332504,0.4824973917878682,0.075233757064535
150,13,2,4,0.6981300289041681,0.4888329742227799,0.07588736860427506
150,13,3,2,0.6910958687544506,0.49152577206112175,0.07694224229822996
150,13,3,3,0.6805954109332505,0.48249739178786827,0.07523375706453501
150,13,3,4,0.698130028904168,0.4888329742227799,0.07588736860427507
150,13,4,2,0.6910958687544505,0.49152577206112175,0.07694224229822996
150,13,4,3,0.6805954109332505,0.4824973917878684,0.07523375706453501
150,13,4,4,0.6981300289041682,0.4888329742227799,0.07588736860427506
150,14,2,2,0.6944220462013487,0.4937489741996825,0.07738236999871169
150,14,2,3,0.6803375711262716,0.4823235637824323,0.07524802768344005
150,14,2,4,0.6986555602874432,0.4886663725536712,0.07588186932951217
150,14,3,2,0.6944220462013487,0.4937489741996825,0.0773823699987117
150,14,3,3,0.6803375711262717,0.4823235637824324,0.07524802768344006
150,14,3,4,0.6986555602874432,0.4886663725536712,0.07588186932951216
150,14,4,2,0.6944220462013486,0.4937489741996824,0.07738236999871169
150,14,4,3,0.6803375711262716,0.4823235637824324,0.07524802768344006
150,14,4,4,0.6986555602874432,0.4886663725536713,0.07588186932951217
150,15,2,2,0.6961928314133293,0.49460386212014346,0.07747887155497482
150,15,2,3,0.6801910655742543,0.4824257627037783,0.07526612166779176
150,15,2,4,0.6977588644707103,0.4879709234464804,0.07573488837428939
150,15,3,2,0.6961928314133293,0.4946038621201433,0.0774788715549748
150,15,3,3,0.6801910655742543,0.4824257627037783,0.07526612166779176
150,15,3,4,0.6977588644707103,0.4879709234464804,0.07573488837428939
150,15,4,2,0.6961928314133291,0.4946038621201433,0.0774788715549748
150,15,4,3,0.6801910655742543,0.4824257627037783,0.07526612166779176
150,15,4,4,0.6977588644707104,0.4879709234464804,0.0757348883742894
150,16,2,2,0.696884958244114,0.49534785882564697,0.07762091861515254
150,16,2,3,0.682006324233167,0.48335716438373294,0.07541979192025583
150,16,2,4,0.6975666398828388,0.4875506182313697,0.07567357261467135
150,16,3,2,0.6968849582441141,0.495347858825647,0.07762091861515254
150,16,3,3,0.682006324233167,0.48335716438373294,0.07541979192025584
150,16,3,4,0.6975666398828388,0.4875506182313697,0.07567357261467134
150,16,4,2,0.6968849582441141,0.495347858825647,0.07762091861515254
150,16,4,3,0.682006324233167,0.48335716438373294,0.07541979192025583
150,16,4,4,0.6975666398828388,0.4875506182313697,0.07567357261467134
150,17,2,2,0.6950647251795352,0.49453593458334577,0.07745461802996803
150,17,2,3,0.6813538447580517,0.4827835541503656,0.07532577640968541
150,17,2,4,0.6974576881898359,0.4874721253536073,0.07566258847063527
150,17,3,2,0.6950647251795352,0.49453593458334577,0.07745461802996803
150,17,3,3,0.6813538447580517,0.4827835541503656,0.07532577640968541
150,17,3,4,0.697457688189836,0.4874721253536073,0.07566258847063527
150,17,4,2,0.6950647251795352,0.49453593458334577,0.07745461802996803
150,17,4,3,0.6813538447580517,0.4827835541503656,0.07532577640968541
150,17,4,4,0.6974576881898359,0.4874721253536073,0.07566258847063526
160,7,2,2,0.711670148413243,0.5248310455702953,0.08179220542411299
160,7,2,3,0.7055785512319283,0.5178677545143732,0.08047396929898298
160,7,2,4,0.7178983581787325,0.5193871436966391,0.08032740692039467
160,7,3,2,0.711670148413243,0.5248310455702954,0.081792205424113
160,7,3,3,0.7055785512319283,0.5178677545143733,0.08047396929898298
160,7,3,4,0.7178983581787325,0.5193871436966391,0.08032740692039467
160,7,4,2,0.711670148413243,0.5248310455702953,0.08179220542411299
160,7,4,3,0.7055785512319283,0.5178677545143733,0.080473969298983
160,7,4,4,0.7178983581787325,0.5193871436966391,0.08032740692039465
160,8,2,2,0.7012991891698299,0.5113933700164645,0.0798328992546534
160,8,2,3,0.6949750161237361,0.5033726956225217,0.0782375314370221
160,8,2,4,0.7093432753834414,0.5065765558483892,0.07839355730855826
160,8,3,2,0.7012991891698299,0.5113933700164645,0.07983289925465338
160,8,3,3,0.6949750161237362,0.5033726956225218,0.0782375314370221
160,8,3,4,0.7093432753834413,0.5065765558483893,0.07839355730855829
160,8,4,2,0.70129918916983,0.5113933700164645,0.07983289925465338
160,8,4,3,0.6949750161237362,0.5033726956225218,0.0782375314370221
160,8,4,4,0.7093432753834413,0.5065765558483893,0.07839355730855828
160,9,2,2,0.6968144743861571,0.5022148221418908,0.07843035318990584
160,9,2,3,0.6884670880684308,0.4931666268719749,0.07673337881752872
160,9,2,4,0.7044462020538801,0.49842471493287904,0.07726818929987138
160,9,3,2,0.6968144743861571,0.5022148221418908,0.07843035318990585
160,9,3,3,0.6884670880684308,0.4931666268719749,0.07673337881752872
160,9,3,4,0.7044462020538801,0.49842471493287915,0.07726818929987138
160,9,4,2,0.6968144743861571,0.5022148221418908,0.07843035318990585
160,9,4,3,0.6884670880684308,0.49316662687197477,0.07673337881752872
160,9,4,4,0.7044462020538801,0.49842471493287904,0.07726818929987138
160,10,2,2,0.6930336650886261,0.49760861420420377,0.07783382722872031
160,10,2,3,0.6862432186518455,0.4878559910291337,0.07597581495132187
160,10,2,4,0.7022992608068817,0.49375381401656926,0.07653730763607636
160,10,3,2,0.6930336650886261,0.49760861420420377,0.07783382722872031
160,10,3,3,0.6862432186518455,0.4878559910291337,0.07597581495132187
160,10,3,4,0.7022992608068817,0.49375381401656937,0.07653730763607637
160,10,4,2,0.6930336650886261,0.49760861420420377,0.07783382722872031
160,10,4,3,0.6862432186518455,0.48785599102913363,0.07597581495132187
160,10,4,4,0.7022992608068815,0.49375381401656926,0.07653730763607636
160,11,2,2,0.690158240388296,0.4922596055387131,0.07698811841813234
160,11,2,3,0.682819487126565,0.48341841877684155,0.07529581249896507
160,11,2,4,0.699994352799652,0.4896025329175198,0.07591457223252994
160,11,3,2,0.690158240388296,0.4922596055387131,0.07698811841813234
160,11,3,3,0.682819487126565,0.48341841877684155,0.07529581249896507
160,11,3,4,0.699994352799652,0.4896025329175199,0.07591457223252994
160,11,4,2,0.690158240388296,0.4922596055387131,0.07698811841813234
160,11,4,3,0.682819487126565,0.4834184187768416,0.0752958124989651
160,11,4,4,0.699994352799652,0.4896025329175198,0.07591457223252994
160,12,2,2,0.690005173432578,0.4908608699470774,0.07683157219329369
160,12,2,3,0.6838019168773661,0.48245927239981184,0.07517159334607333
160,12,2,4,0.6995360888851792,0.48855677812432446,0.07576909618858417
160,12,3,2,0.6900051734325778,0.4908608699470774,0.07683157219329367
160,12,3,3,0.6838019168773661,0.48245927239981184,0.07517159334607332
160,12,3,4,0.6995360888851792,0.48855677812432463,0.0757690961885842
160,12,4,2,0.6900051734325778,0.49086086994707734,0.07683157219329369
160,12,4,3,0.6838019168773661,0.48245927239981184,0.07517159334607332
160,12,4,4,0.6995360888851792,0.48855677812432446,0.07576909618858418
160,13,2,2,0.6924839401472788,0.4910524748435276,0.07683387346670902
160,13,2,3,0.6827679123647387,0.4815782930773741,0.07503079095459082
160,13,2,4,0.6994651386406276,0.4882590243258482,0.07578274265960443
160,13,3,2,0.6924839401472788,0.4910524748435277,0.07683387346670902
160,13,3,3,0.6827679123647387,0.4815782930773741,0.07503079095459082
160,13,3,4,0.6994651386406276,0.4882590243258482,0.07578274265960444
160,13,4,2,0.6924839401472788,0.4910524748435277,0.07683387346670902
160,13,4,3,0.6827679123647387,0.4815782930773741,0.07503079095459082
160,13,4,4,0.6994651386406276,0.4882590243258481,0.07578274265960443
160,14,2,2,0.6953678120810054,0.4931485411531069,0.07726746944090994
160,14,2,3,0.6822891966239538,0.48123219994897537,0.07501183519955948
160,14,2,4,0.6997842928075096,0.48790390233429237,0.07573955437775957
160,14,3,2,0.6953678120810055,0.4931485411531069,0.07726746944090995
160,14,3,3,0.6822891966239538,0.48123219994897537,0.07501183519955948
160,14,3,4,0.6997842928075096,0.48790390233429237,0.07573955437775957
160,14,4,2,0.6953678120810055,0.4931485411531069,0.07726746944090994
160,14,4,3,0.6822891966239538,0.48123219994897526,0.07501183519955948
160,14,4,4,0.6997842928075096,0.4879039023342924,0.07573955437775957
160,15,2,2,0.6983024782263121,0.4945652220277587,0.07745791814396986
160,15,2,3,0.6823510924643149,0.4814941440833613,0.07505134665730319
160,15,2,4,0.6989232435799281,0.48719717543941543,0.07558657928547648
160,15,3,2,0.6983024782263121,0.49456522202775854,0.07745791814396986
160,15,3,3,0.6823510924643149,0.4814941440833613,0.07505134665730319
160,15,3,4,0.6989232435799281,0.48719717543941543,0.07558657928547646
160,15,4,2,0.6983024782263121,0.49456522202775854,0.07745791814396986
160,15,4,3,0.6823510924643149,0.4814941440833613,0.0750513466573032
160,15,4,4,0.6989232435799281,0.48719717543941543,0.07558657928547648
160,16,2,2,0.6981044991978433,0.4947134950080173,0.07750639616118865
160,16,2,3,0.6840844321923312,0.4823106828035546,0.07518867504290955
160,16,2,4,0.6989446822503904,0.48698440333548487,0.07556836945198497
160,16,3,2,0.6981044991978433,0.4947134950080173,0.07750639616118866
160,16,3,3,0.6840844321923312,0.4823106828035545,0.07518867504290955
160,16,3,4,0.6989446822503903,0.486984403335485,0.07556836945198497
160,16,4,2,0.6981044991978433,0.4947134950080173,0.07750639616118865
160,16,4,3,0.6840844321923312,0.4823106828035545,0.07518867504290955
160,16,4,4,0.6989446822503903,0.486984403335485,0.07556836945198499
160,17,2,2,0.695704475558473,0.49390261803016133,0.0773411662225596
160,17,2,3,0.6836829159224295,0.482007571451095,0.07515246856618292
160,17,2,4,0.6987266345489721,0.48683837708939753,0.0755370280395703
160,17,3,2,0.695704475558473,0.49390261803016133,0.07734116622255958
160,17,3,3,0.6836829159224295,0.4820075714510949,0.07515246856618292
160,17,3,4,0.6987266345489721,0.4868383770893974,0.07553702803957031
160,17,4,2,0.695704475558473,0.49390261803016133,0.07734116622255958
160,17,4,3,0.6836829159224295,0.482007571451095,0.0751524685661829
160,17,4,4,0.698726634548972,0.4868383770893974,0.07553702803957028
170,7,2,2,0.7088081685825346,0.5236982156126702,0.08161164391243358
170,7,2,3,0.7047076722084303,0.516902703931687,0.08032971219163049
170,7,2,4,0.7175102801737927,0.5192122489392443,0.08030673301958183
170,7,3,2,0.7088081685825346,0.52369821561267,0.08161164391243358
170,7,3,3,0.7047076722084303,0.516902703931687,0.08032971219163047
170,7,3,4,0.7175102801737927,0.5192122489392442,0.0803067330195818
170,7,4,2,0.7088081685825347,0.5236982156126704,0.0816116439124336
170,7,4,3,0.7047076722084303,0.5169027039316869,0.08032971219163046
170,7,4,4,0.7175102801737927,0.5192122489392442,0.08030673301958181
170,8,2,2,0.6987377231290403,0.5102960613931115,0.07964008516643076
170,8,2,3,0.6943359319905413,0.5025787893314204,0.07811328571237222
170,8,2,4,0.7089904004546476,0.5062316616556642,0.0783453663789128
170,8,3,2,0.6987377231290403,0.5102960613931113,0.07964008516643076
170,8,3,3,0.6943359319905412,0.5025787893314204,0.07811328571237222
170,8,3,4,0.7089904004546476,0.5062316616556641,0.0783453663789128
170,8,4,2,0.6987377231290403,0.5102960613931113,0.07964008516643076
170,8,4,3,0.6943359319905413,0.5025787893314204,0.07811328571237224
170,8,4,4,0.7089904004546475,0.5062316616556644,0.07834536637891282
170,9,2,2,0.6945108252465091,0.5014573880073115,0.07830035670549687
170,9,2,3,0.6885046561406701,0.49280052596895096,0.0766832291043511
170,9,2,4,0.7043142590539639,0.4983494370827994,0.07724647877640362
170,9,3,2,0.6945108252465091,0.5014573880073115,0.07830035670549687
170,9,3,3,0.6885046561406702,0.49280052596895096,0.0766832291043511
170,9,3,4,0.7043142590539639,0.49834943708279955,0.07724647877640364
170,9,4,2,0.6945108252465091,0.5014573880073115,0.07830035670549687
170,9,4,3,0.6885046561406702,0.492800525968951,0.07668322910435112
170,9,4,4,0.7043142590539639,0.49834943708279955,0.07724647877640364
170,10,2,2,0.6903217616072568,0.49656617063424063,0.07766064910158321
170,10,2,3,0.6858279191847647,0.487545404827135,0.07592761571715564
170,10,2,4,0.7023113845955223,0.49383524035204596,0.07654961221621573
170,10,3,2,0.6903217616072568,0.49656617063424063,0.07766064910158321
170,10,3,3,0.6858279191847646,0.487545404827135,0.07592761571715563
170,10,3,4,0.7023113845955223,0.49383524035204596,0.07654961221621573
170,10,4,2,0.6903217616072568,0.49656617063424063,0.07766064910158321
170,10,4,3,0.6858279191847646,0.48754540482713493,0.07592761571715563
170,10,4,4,0.7023113845955223,0.49383524035204607,0.07654961221621574
170,11,2,2,0.6878509769250274,0.49180891599851156,0.07691916260499203
170,11,2,3,0.6828898276648651,0.4833047881877413,0.07528414773488781
170,11,2,4,0.6999379849830941,0.48963805229522656,0.07590906264836399
170,11,3,2,0.6878509769250274,0.49180891599851156,0.07691916260499201
170,11,3,3,0.6828898276648652,0.4833047881877413,0.07528414773488781
170,11,3,4,0.699937984983094,0.48963805229522656,0.07590906264836399
170,11,4,2,0.6878509769250274,0.49180891599851156,0.07691916260499204
170,11,4,3,0.6828898276648653,0.4833047881877413,0.07528414773488781
170,11,4,4,0.699937984983094,0.48963805229522656,0.07590906264836399
170,12,2,2,0.688090270878928,0.49105537711405994,0.07687030168783816
170,12,2,3,0.6834705038161698,0.4823180506963301,0.07515444489979947
170,12,2,4,0.6995797484202749,0.48864221326044516,0.0757703192487048
170,12,3,2,0.6880902708789282,0.49105537711405994,0.07687030168783814
170,12,3,3,0.6834705038161697,0.4823180506963301,0.07515444489979947
170,12,3,4,0.6995797484202749,0.48864221326044516,0.07577031924870478
170,12,4,2,0.688090270878928,0.49105537711405994,0.07687030168783814
170,12,4,3,0.6834705038161698,0.4823180506963301,0.07515444489979947
170,12,4,4,0.6995797484202749,0.48864221326044516,0.0757703192487048
170,13,2,2,0.6897223891376703,0.490648760859471,0.07677705443753217
170,13,2,3,0.682490244887041,0.48135659542754416,0.07499965395462821
170,13,2,4,0.6994784473975811,0.48822808529677714,0.07576002179186003
170,13,3,2,0.6897223891376703,0.490648760859471,0.07677705443753217
170,13,3,3,0.6824902448870411,0.4813565954275442,0.07499965395462821
170,13,3,4,0.6994784473975811,0.4882280852967772,0.07576002179186005
170,13,4,2,0.6897223891376703,0.490648760859471,0.07677705443753217
170,13,4,3,0.6824902448870411,0.48135659542754405,0.0749996539546282
170,13,4,4,0.6994784473975812,0.48822808529677714,0.07576002179186006
170,14,2,2,0.6926931932343217,0.49258452100813893,0.0771750786389173
170,14,2,3,0.6825999336863434,0.4812663073162463,0.07503095821824188
170,14,2,4,0.6997870319476578,0.48789867648069785,0.07572629893016747
170,14,3,2,0.6926931932343217,0.49258452100813893,0.0771750786389173
170,14,3,3,0.6825999336863434,0.4812663073162463,0.07503095821824188
170,14,3,4,0.6997870319476578,0.48789867648069785,0.07572629893016745
170,14,4,2,0.6926931932343217,0.49258452100813893,0.0771750786389173
170,14,4,3,0.6825999336863433,0.4812663073162463,0.07503095821824188
170,14,4,4,0.6997870319476579,0.48789867648069785,0.07572629893016747
170,15,2,2,0.6948392565995822,0.4937149595257207,0.07732487320753968
170,15,2,3,0.6826243905721925,0.481453490550507,0.07505325889858674
170,15,2,4,0.6990131488751548,0.4872992708378849,0.07559435390442124
170,15,3,2,0.6948392565995822,0.4937149595257207,0.07732487320753968
170,15,3,3,0.6826243905721925,0.481453490550507,0.07505325889858676
170,15,3,4,0.6990131488751548,0.48729927083788493,0.07559435390442124
170,15,4,2,0.6948392565995822,0.4937149595257208,0.07732487320753968
170,15,4,3,0.6826243905721925,0.481453490550507,0.07505325889858676
170,15,4,4,0.6990131488751548,0.48729927083788493,0.07559435390442125
170,16,2,2,0.6952365989889183,0.49429208556705617,0.07745056642032863
170,16,2,3,0.6842848795838247,0.48230874609424873,0.07520025814270419
170,16,2,4,0.6989733278512207,0.48702394361023227,0.07555609118880845
170,16,3,2,0.6952365989889183,0.49429208556705617,0.07745056642032862
170,16,3,3,0.6842848795838249,0.4823087460942489,0.0752002581427042
170,16,3,4,0.6989733278512207,0.48702394361023227,0.07555609118880845
170,16,4,2,0.6952365989889183,0.49429208556705617,0.07745056642032863
170,16,4,3,0.6842848795838248,0.48230874609424884,0.07520025814270419
170,16,4,4,0.6989733278512207,0.48702394361023227,0.07555609118880845
170,17,2,2,0.6927697560942446,0.4933046083696499,0.07725275192912866
170,17,2,3,0.6837915887039585,0.4818697114891372,0.07514027937119999
170,17,2,4,0.6988422983010891,0.486896551674077,0.07553867476588177
170,17,3,2,0.6927697560942447,0.49330460836965,0.07725275192912866
170,17,3,3,0.6837915887039586,0.4818697114891372,0.07514027937119999
170,17,3,4,0.6988422983010891,0.486896551674077,0.07553867476588177
170,17,4,2,0.6927697560942448,0.49330460836965,0.07725275192912866
170,17,4,3,0.6837915887039586,0.4818697114891372,0.07514027937119999
170,17,4,4,0.6988422983010891,0.486896551674077,0.07553867476588177
180,7,2,2,0.7077172384301308,0.5231349698090609,0.08149474066508013
180,7,2,3,0.70513914371139,0.5168128829756222,0.08028413483898565
180,7,2,4,0.7161367443289309,0.518823296367944,0.08024742056586986
180,7,3,2,0.7077172384301308,0.5231349698090608,0.08149474066508013
180,7,3,3,0.7051391437113901,0.5168128829756222,0.08028413483898565
180,7,3,4,0.7161367443289309,0.5188232963679439,0.08024742056586985
180,7,4,2,0.7077172384301308,0.5231349698090608,0.08149474066508014
180,7,4,3,0.7051391437113901,0.5168128829756223,0.08028413483898565
180,7,4,4,0.7161367443289309,0.518823296367944,0.08024742056586985
180,8,2,2,0.6972111060892021,0.509242397252178,0.07942941807526219
180,8,2,3,0.6944125669500574,0.5022744890630744,0.07802904161804014
180,8,2,4,0.7074295781758729,0.5056733205884515,0.07824782052634247
180,8,3,2,0.6972111060892021,0.5092423972521781,0.07942941807526217
180,8,3,3,0.6944125669500574,0.5022744890630744,0.07802904161804014
180,8,3,4,0.7074295781758729,0.5056733205884516,0.07824782052634247
180,8,4,2,0.6972111060892021,0.5092423972521781,0.0794294180752622
180,8,4,3,0.6944125669500574,0.5022744890630743,0.07802904161804014
180,8,4,4,0.7074295781758729,0.5056733205884515,0.07824782052634247
180,9,2,2,0.6931570317407341,0.5007048254238349,0.07813895715225859
180,9,2,3,0.6891526170319342,0.4930492237241886,0.07669126194923724
180,9,2,4,0.7029484385139919,0.498020585572004,0.0771851800404779
180,9,3,2,0.6931570317407341,0.5007048254238349,0.07813895715225859
180,9,3,3,0.6891526170319341,0.49304922372418847,0.07669126194923724
180,9,3,4,0.7029484385139919,0.498020585572004,0.07718518004047792
180,9,4,2,0.6931570317407341,0.5007048254238349,0.07813895715225859
180,9,4,3,0.6891526170319341,0.49304922372418847,0.07669126194923724
180,9,4,4,0.7029484385139919,0.498020585572004,0.07718518004047792
180,10,2,2,0.6901048003381484,0.49606690413227966,0.0775541041807522
180,10,2,3,0.6864388865404217,0.4879493533879768,0.07597756053528491
180,10,2,4,0.7008379881823461,0.4934737365110844,0.07649060644202438
180,10,3,2,0.6901048003381484,0.49606690413227955,0.0775541041807522
180,10,3,3,0.6864388865404217,0.4879493533879767,0.07597756053528491
180,10,3,4,0.7008379881823461,0.4934737365110844,0.07649060644202439
180,10,4,2,0.6901048003381484,0.49606690413227966,0.0775541041807522
180,10,4,3,0.6864388865404217,0.48794935338797685,0.07597756053528493
180,10,4,4,0.7008379881823461,0.4934737365110844,0.07649060644202438
180,11,2,2,0.6879434001968546,0.4918260240693667,0.0769011579150706
180,11,2,3,0.6836455137424797,0.4838428828524189,0.07536157120995422
180,11,2,4,0.6985148928681761,0.4893191403260217,0.07585896977731403
180,11,3,2,0.6879434001968547,0.4918260240693667,0.0769011579150706
180,11,3,3,0.6836455137424798,0.4838428828524189,0.07536157120995422
180,11,3,4,0.698514892868176,0.4893191403260217,0.07585896977731403
180,11,4,2,0.6879434001968547,0.49182602406936676,0.07690115791507059
180,11,4,3,0.6836455137424797,0.48384288285241883,0.07536157120995422
180,11,4,4,0.6985148928681761,0.4893191403260218,0.07585896977731403
180,12,2,2,0.6882829209898874,0.49128126337927147,0.07687720411651448
180,12,2,3,0.684119789507901,0.4828308105229129,0.07521884669935805
180,12,2,4,0.6984122730808996,0.48854313665182447,0.07576254486783018
180,12,3,2,0.6882829209898874,0.4912812633792714,0.07687720411651448
180,12,3,3,0.684119789507901,0.482830810522913,0.07521884669935806
180,12,3,4,0.6984122730808996,0.48854313665182447,0.07576254486783017
180,12,4,2,0.6882829209898874,0.49128126337927147,0.0768772041165145
180,12,4,3,0.684119789507901,0.4828308105229129,0.07521884669935805
180,12,4,4,0.6984122730808997,0.48854313665182447,0.07576254486783018
180,13,2,2,0.6897313245508933,0.4905786072103429,0.07674298623511074
180,13,2,3,0.6832264011330162,0.4819763662205857,0.07507956157863487
180,13,2,4,0.6982232178805434,0.48796975985866603,0.07573112002905043
180,13,3,2,0.6897313245508931,0.49057860721034285,0.07674298623511072
180,13,3,3,0.6832264011330164,0.4819763662205857,0.07507956157863487
180,13,3,4,0.6982232178805434,0.4879697598586661,0.07573112002905041
180,13,4,2,0.6897313245508931,0.4905786072103429,0.07674298623511074
180,13,4,3,0.6832264011330162,0.48197636622058565,0.07507956157863485
180,13,4,4,0.6982232178805433,0.48796975985866603,0.07573112002905041
180,14,2,2,0.6915696078308944,0.49201436694523615,0.07705630911422656
180,14,2,3,0.6833505213038008,0.4818618021220986,0.07510659951834724
180,14,2,4,0.6984474545216486,0.48753248187559967,0.07566884991920547
180,14,3,2,0.6915696078308944,0.49201436694523615,0.07705630911422659
180,14,3,3,0.6833505213038008,0.4818618021220986,0.07510659951834722
180,14,3,4,0.6984474545216486,0.4875324818755996,0.07566884991920547
180,14,4,2,0.6915696078308944,0.49201436694523615,0.07705630911422658
180,14,4,3,0.6833505213038008,0.4818618021220986,0.07510659951834724
180,14,4,4,0.6984474545216486,0.4875324818755996,0.07566884991920547
180,15,2,2,0.6944847731582604,0.4936124654402229,0.07728783196292746
180,15,2,3,0.6834986142870997,0.48209085252739403,0.07514898068834644
180,15,2,4,0.6978527411629447,0.48713661025396837,0.07557706263748178
180,15,3,2,0.6944847731582604,0.493612465440223,0.07728783196292746
180,15,3,3,0.6834986142870997,0.4820908525273939,0.07514898068834644
180,15,3,4,0.6978527411629446,0.48713661025396837,0.07557706263748178
180,15,4,2,0.6944847731582604,0.493612465440223,0.07728783196292746
180,15,4,3,0.6834986142870997,0.48209085252739403,0.07514898068834644
180,15,4,4,0.6978527411629447,0.48713661025396837,0.07557706263748178
180,16,2,2,0.6942925731505032,0.4937862664676724,0.07733998075332806
180,16,2,3,0.6850072130175014,0.482831132045009,0.07526842908031481
180,16,2,4,0.6976776105122376,0.4867888665683301,0.07552015404171979
180,16,3,2,0.6942925731505032,0.4937862664676724,0.07733998075332807
180,16,3,3,0.6850072130175014,0.482831132045009,0.07526842908031481
180,16,3,4,0.6976776105122376,0.48678886656833,0.07552015404171979
180,16,4,2,0.6942925731505032,0.4937862664676724,0.07733998075332807
180,16,4,3,0.6850072130175014,0.482831132045009,0.0752684290803148
180,16,4,4,0.6976776105122376,0.4867888665683301,0.07552015404171979
180,17,2,2,0.6917468751393443,0.49293099296111814,0.07717240811010895
180,17,2,3,0.6844719460141322,0.4824266160679478,0.07521075503536251
180,17,2,4,0.6975780884471331,0.486647716738557,0.07549951612968445
180,17,3,2,0.6917468751393443,0.49293099296111814,0.07717240811010896
180,17,3,3,0.6844719460141322,0.4824266160679478,0.07521075503536251
180,17,3,4,0.6975780884471332,0.4866477167385571,0.07549951612968445
180,17,4,2,0.6917468751393443,0.4929309929611182,0.07717240811010896
180,17,4,3,0.6844719460141322,0.4824266160679478,0.07521075503536251
180,17,4,4,0.6975780884471331,0.486647716738557,0.07549951612968445
190,7,2,2,0.707401039763199,0.5231127865779883,0.0814646396290286
190,7,2,3,0.7043267443126943,0.5165828317144905,0.08024483373453353
190,7,2,4,0.7160128099473998,0.5186291850833155,0.08020487999912249
190,7,3,2,0.707401039763199,0.5231127865779883,0.0814646396290286
190,7,3,3,0.7043267443126943,0.5165828317144904,0.08024483373453352
190,7,3,4,0.7160128099473998,0.5186291850833155,0.08020487999912249
190,7,4,2,0.707401039763199,0.5231127865779884,0.08146463962902861
190,7,4,3,0.7043267443126943,0.5165828317144905,0.08024483373453353
190,7,4,4,0.7160128099473998,0.5186291850833155,0.08020487999912246
190,8,2,2,0.6971973817456543,0.509483368764079,0.07944879486353126
190,8,2,3,0.6936951615582925,0.502217177135615,0.0780296741747346
190,8,2,4,0.7074816069758697,0.5058357117169987,0.07826806033995339
190,8,3,2,0.6971973817456543,0.5094833687640788,0.07944879486353126
190,8,3,3,0.6936951615582925,0.5022171771356151,0.0780296741747346
190,8,3,4,0.7074816069758697,0.5058357117169987,0.07826806033995339
190,8,4,2,0.6971973817456544,0.509483368764079,0.07944879486353126
190,8,4,3,0.6936951615582925,0.502217177135615,0.0780296741747346
190,8,4,4,0.7074816069758697,0.5058357117169985,0.07826806033995337
190,9,2,2,0.6930547586199108,0.5008543664256095,0.07814427513194316
190,9,2,3,0.6880836948776544,0.4928485882184704,0.07666610008668164
190,9,2,4,0.702683075020345,0.49816475365564705,0.07720504341320412
190,9,3,2,0.6930547586199107,0.5008543664256094,0.07814427513194314
190,9,3,3,0.6880836948776544,0.4928485882184703,0.07666610008668164
190,9,3,4,0.702683075020345,0.49816475365564705,0.07720504341320412
190,9,4,2,0.6930547586199107,0.5008543664256094,0.07814427513194314
190,9,4,3,0.6880836948776543,0.4928485882184703,0.07666610008668164
190,9,4,4,0.702683075020345,0.49816475365564705,0.07720504341320412
190,10,2,2,0.6901803756783562,0.4962418823597089,0.07756043189040915
190,10,2,3,0.6854845254112808,0.48780545598341757,0.07595648313675339
190,10,2,4,0.7007297319445424,0.4937242432422865,0.07652798205223425
190,10,3,2,0.6901803756783562,0.49624188235970895,0.07756043189040915
190,10,3,3,0.6854845254112808,0.48780545598341757,0.07595648313675338
190,10,3,4,0.7007297319445424,0.4937242432422865,0.07652798205223425
190,10,4,2,0.6901803756783562,0.49624188235970906,0.07756043189040915
190,10,4,3,0.6854845254112807,0.4878054559834174,0.07595648313675338
190,10,4,4,0.7007297319445424,0.4937242432422865,0.07652798205223424
190,11,2,2,0.6882407055874595,0.4921726460202788,0.07693058692015697
190,11,2,3,0.6827330682346242,0.48370604294839864,0.07533836036312143
190,11,2,4,0.6985378419135511,0.48967154646188304,0.07590922524844365
190,11,3,2,0.6882407055874595,0.4921726460202788,0.07693058692015697
190,11,3,3,0.6827330682346242,0.48370604294839864,0.07533836036312141
190,11,3,4,0.6985378419135511,0.48967154646188316,0.07590922524844365
190,11,4,2,0.6882407055874595,0.4921726460202788,0.07693058692015697
190,11,4,3,0.6827330682346243,0.48370604294839864,0.07533836036312143
190,11,4,4,0.6985378419135511,0.48967154646188316,0.07590922524844365
190,12,2,2,0.6879316797899996,0.49153395058478827,0.0769101837165305
190,12,2,3,0.6832999816682592,0.48273570289249956,0.07520353625398594
190,12,2,4,0.698609301542713,0.48907607910576795,0.0758415883706246
190,12,3,2,0.6879316797899996,0.4915339505847881,0.0769101837165305
190,12,3,3,0.6832999816682592,0.48273570289249956,0.07520353625398594
190,12,3,4,0.698609301542713,0.48907607910576784,0.07584158837062459
190,12,4,2,0.6879316797899996,0.49153395058478816,0.07691018371653051
190,12,4,3,0.6832999816682592,0.48273570289249956,0.07520353625398594
190,12,4,4,0.698609301542713,0.48907607910576795,0.07584158837062462
190,13,2,2,0.6902340263693183,0.4910918473840992,0.07681830225693584
190,13,2,3,0.6824147556096393,0.48204944006790224,0.07509620344181077
190,13,2,4,0.6984604114302144,0.48863948534033896,0.07583258735681608
190,13,3,2,0.6902340263693183,0.4910918473840992,0.07681830225693585
190,13,3,3,0.6824147556096394,0.4820494400679023,0.07509620344181077
190,13,3,4,0.6984604114302143,0.4886394853403389,0.07583258735681607
190,13,4,2,0.6902340263693183,0.49109184738409917,0.07681830225693584
190,13,4,3,0.6824147556096393,0.4820494400679023,0.07509620344181077
190,13,4,4,0.6984604114302145,0.4886394853403391,0.07583258735681608
190,14,2,2,0.6911766659852799,0.49223547251303523,0.07708352721562756
190,14,2,3,0.6826753821436973,0.4819280151572991,0.07511762009837031
190,14,2,4,0.6986206524543569,0.48810984474990665,0.07575514787674544
190,14,3,2,0.6911766659852799,0.49223547251303523,0.07708352721562757
190,14,3,3,0.6826753821436973,0.481928015157299,0.07511762009837031
190,14,3,4,0.6986206524543567,0.48810984474990665,0.07575514787674544
190,14,4,2,0.6911766659852799,0.49223547251303523,0.07708352721562756
190,14,4,3,0.6826753821436973,0.481928015157299,0.07511762009837032
190,14,4,4,0.6986206524543569,0.48810984474990665,0.07575514787674544
190,15,2,2,0.6938648154946292,0.493624073191616,0.07727886455855319
190,15,2,3,0.6825444464376076,0.48192817368346363,0.07512211556049822
190,15,2,4,0.6980541969778588,0.48766251118182496,0.07565638367159427
190,15,3,2,0.6938648154946291,0.493624073191616,0.07727886455855319
190,15,3,3,0.6825444464376076,0.4819281736834637,0.07512211556049822
190,15,3,4,0.6980541969778588,0.48766251118182496,0.07565638367159427
190,15,4,2,0.693864815494629,0.493624073191616,0.07727886455855318
190,15,4,3,0.6825444464376076,0.4819281736834637,0.07512211556049823
190,15,4,4,0.6980541969778588,0.48766251118182496,0.07565638367159427
190,16,2,2,0.6944743222675671,0.4941834094845507,0.0773966891002516
190,16,2,3,0.6840269217635537,0.48260555474102196,0.07523020314272953
190,16,2,4,0.6978429597766029,0.4873205257473585,0.0755984907005379
190,16,3,2,0.6944743222675671,0.4941834094845507,0.07739668910025162
190,16,3,3,0.6840269217635537,0.482605554741022,0.07523020314272953
190,16,3,4,0.6978429597766028,0.48732052574735846,0.07559849070053788
190,16,4,2,0.6944743222675671,0.4941834094845507,0.07739668910025162
190,16,4,3,0.6840269217635537,0.48260555474102185,0.07523020314272952
190,16,4,4,0.6978429597766029,0.4873205257473586,0.0755984907005379
190,17,2,2,0.6918094637173527,0.49329583681883754,0.07723203402328488
190,17,2,3,0.6835159226337775,0.4822313859919977,0.07517638761938451
190,17,2,4,0.697732807429483,0.4871696031739002,0.07557744005041732
190,17,3,2,0.6918094637173529,0.49329583681883754,0.07723203402328488
190,17,3,3,0.6835159226337775,0.4822313859919977,0.07517638761938451
190,17,3,4,0.697732807429483,0.4871696031739002,0.07557744005041733
190,17,4,2,0.6918094637173527,0.49329583681883754,0.07723203402328488
190,17,4,3,0.6835159226337775,0.4822313859919977,0.07517638761938451
190,17,4,4,0.697732807429483,0.4871696031739002,0.07557744005041732
200,7,2,2,0.7046898556758295,0.5220857207295238,0.08131342410325905
200,7,2,3,0.7035397686482061,0.5168493855335562,0.08030570072603477
200,7,2,4,0.715454532071638,0.5187443014910588,0.08024821182501289
200,7,3,2,0.7046898556758295,0.5220857207295238,0.08131342410325905
200,7,3,3,0.7035397686482061,0.516849385533556,0.08030570072603477
200,7,3,4,0.715454532071638,0.5187443014910588,0.08024821182501292
200,7,4,2,0.7046898556758295,0.5220857207295238,0.08131342410325905
200,7,4,3,0.7035397686482061,0.5168493855335561,0.08030570072603475
200,7,4,4,0.715454532071638,0.5187443014910588,0.08024821182501292
200,8,2,2,0.6950437887974296,0.5085211347777504,0.07931398396491116
200,8,2,3,0.6924934919838942,0.5020250598164953,0.07800952373805482
200,8,2,4,0.7066703595995332,0.505628772942761,0.07825714687037347
200,8,3,2,0.6950437887974295,0.5085211347777504,0.07931398396491116
200,8,3,3,0.6924934919838942,0.5020250598164953,0.07800952373805482
200,8,3,4,0.7066703595995332,0.505628772942761,0.07825714687037347
200,8,4,2,0.6950437887974297,0.5085211347777504,0.07931398396491116
200,8,4,3,0.6924934919838941,0.5020250598164951,0.07800952373805482
200,8,4,4,0.7066703595995331,0.505628772942761,0.07825714687037347
200,9,2,2,0.6915553669764395,0.5001916168958591,0.0780550341776563
200,9,2,3,0.6869998573787275,0.4927619664938471,0.07665819684636327
200,9,2,4,0.7018756097207673,0.49752862682042903,0.0771121651545832
200,9,3,2,0.6915553669764395,0.500191616895859,0.07805503417765629
200,9,3,3,0.6869998573787274,0.49276196649384707,0.07665819684636327
200,9,3,4,0.7018756097207673,0.4975286268204292,0.07711216515458322
200,9,4,2,0.6915553669764396,0.500191616895859,0.07805503417765629
200,9,4,3,0.6869998573787275,0.49276196649384724,0.07665819684636328
200,9,4,4,0.7018756097207673,0.4975286268204292,0.07711216515458322
200,10,2,2,0.6875278454015861,0.4948863411537643,0.07734866539052367
200,10,2,3,0.6843782575838363,0.4875660459382706,0.07592023093679706
200,10,2,4,0.6998205119158063,0.49288036265466234,0.07640110195712568
200,10,3,2,0.687527845401586,0.4948863411537643,0.07734866539052367
200,10,3,3,0.6843782575838363,0.4875660459382706,0.07592023093679705
200,10,3,4,0.6998205119158063,0.49288036265466234,0.07640110195712568
200,10,4,2,0.687527845401586,0.49488634115376434,0.07734866539052368
200,10,4,3,0.6843782575838364,0.4875660459382706,0.07592023093679705
200,10,4,4,0.6998205119158063,0.49288036265466245,0.0764011019571257
200,11,2,2,0.6857900023575793,0.490742305798709,0.0767207543457005
200,11,2,3,0.6812700812804582,0.48299206108207704,0.07523645836108203
200,11,2,4,0.6973815350041996,0.4885913754972263,0.07574749444167586
200,11,3,2,0.6857900023575793,0.490742305798709,0.0767207543457005
200,11,3,3,0.6812700812804582,0.48299206108207704,0.07523645836108203
200,11,3,4,0.6973815350041996,0.4885913754972263,0.07574749444167587
200,11,4,2,0.6857900023575794,0.490742305798709,0.0767207543457005
200,11,4,3,0.6812700812804581,0.48299206108207715,0.07523645836108205
200,11,4,4,0.6973815350041996,0.4885913754972263,0.07574749444167586
200,12,2,2,0.685674147315056,0.4904350184661197,0.07676253437396634
200,12,2,3,0.682024282664103,0.48236492885062504,0.07515923398620879
200,12,2,4,0.697793122066947,0.48827365175920223,0.07573130740340399
200,12,3,2,0.685674147315056,0.4904350184661197,0.07676253437396634
200,12,3,3,0.682024282664103,0.482364928850625,0.07515923398620877
200,12,3,4,0.6977931220669469,0.4882736517592021,0.07573130740340399
200,12,4,2,0.685674147315056,0.4904350184661197,0.07676253437396634
200,12,4,3,0.682024282664103,0.482364928850625,0.07515923398620877
200,12,4,4,0.697793122066947,0.4882736517592021,0.07573130740340399
200,13,2,2,0.6882791277192377,0.4901766218187222,0.07669798433890497
200,13,2,3,0.6810360174117417,0.48132969659274566,0.07499632421044718
200,13,2,4,0.6974565601040628,0.4876500034327459,0.07568560009952748
200,13,3,2,0.6882791277192377,0.4901766218187223,0.07669798433890496
200,13,3,3,0.6810360174117417,0.48132969659274566,0.07499632421044718
200,13,3,4,0.6974565601040629,0.4876500034327459,0.07568560009952746
200,13,4,2,0.6882791277192377,0.4901766218187222,0.07669798433890496
200,13,4,3,0.6810360174117418,0.4813296965927457,0.07499632421044718
200,13,4,4,0.6974565601040628,0.4876500034327459,0.07568560009952746
200,14,2,2,0.6883229400619211,0.49075699510946774,0.07686252463015697
200,14,2,3,0.6812744594192831,0.48116636865214824,0.0750048649598855
200,14,2,4,0.6975640724829266,0.4871672110142518,0.07561172600250314
200,14,3,2,0.6883229400619211,0.49075699510946774,0.07686252463015697
200,14,3,3,0.6812744594192831,0.48116636865214824,0.0750048649598855
200,14,3,4,0.6975640724829266,0.4871672110142518,0.07561172600250311
200,14,4,2,0.6883229400619211,0.49075699510946774,0.07686252463015697
200,14,4,3,0.6812744594192831,0.48116636865214824,0.0750048649598855
200,14,4,4,0.6975640724829266,0.48716721101425187,0.07561172600250313
200,15,2,2,0.6915606313210877,0.4924128122626989,0.07710992057502304
200,15,2,3,0.6812039566364417,0.48142597576439583,0.07505583240285442
200,15,2,4,0.697067664859011,0.48669608684787796,0.0755128189164012
200,15,3,2,0.6915606313210876,0.49241281226269895,0.07710992057502303
200,15,3,3,0.6812039566364417,0.4814259757643957,0.0750558324028544
200,15,3,4,0.6970676648590108,0.48669608684787796,0.07551281891640121
200,15,4,2,0.6915606313210877,0.4924128122626989,0.07710992057502304
200,15,4,3,0.6812039566364418,0.48142597576439583,0.07505583240285442
200,15,4,4,0.697067664859011,0.48669608684787796,0.07551281891640121
200,16,2,2,0.6920002468313425,0.4930958699498892,0.07724088288457506
200,16,2,3,0.6823956431876124,0.4817161317862511,0.07510051445092904
200,16,2,4,0.696825031133807,0.48633369962332895,0.07545226588684066
200,16,3,2,0.6920002468313424,0.49309586994988913,0.07724088288457506
200,16,3,3,0.6823956431876124,0.4817161317862512,0.07510051445092904
200,16,3,4,0.696825031133807,0.4863336996233289,0.07545226588684066
200,16,4,2,0.6920002468313423,0.493095869949889,0.07724088288457505
200,16,4,3,0.6823956431876124,0.4817161317862512,0.07510051445092904
200,16,4,4,0.696825031133807,0.48633369962332895,0.07545226588684066
200,17,2,2,0.6889097828774278,0.4918314704881808,0.07701980175751065
200,17,2,3,0.6821162508274136,0.4815973761364063,0.07508263400331856
200,17,2,4,0.6967437337336537,0.48623791840403896,0.07544105703358862
200,17,3,2,0.6889097828774278,0.4918314704881807,0.07701980175751065
200,17,3,3,0.6821162508274136,0.48159737613640613,0.07508263400331856
200,17,3,4,0.6967437337336537,0.48623791840403896,0.07544105703358862
200,17,4,2,0.6889097828774278,0.4918314704881807,0.07701980175751065
200,17,4,3,0.6821162508274136,0.4815973761364063,0.07508263400331856
200,17,4,4,0.6967437337336537,0.48623791840403896,0.07544105703358864
